meng_2_99,9
meng_4_173,8
meng_4_176,17
meng_4_178,7
meng_4_9,16
meng_1_35,15
meng_1_33,11
meng_2_223,9
meng_2_2,11
meng_1_175,8
meng_4_282,9
meng_2_61,10
meng_1_224,14
meng_4_36,13
meng_4_39,16
meng_3_144,5
meng_1_179,9
meng_3_141,12
meng_1_275,14
meng_3_221,11
meng_4_204,9
meng_4_146,10
meng_2_130,9
meng_2_83,11
meng_2_142,10
meng_2_94,7
meng_2_252,11
meng_4_267,16
meng_3_236,8
meng_4_279,7
meng_3_132,7
meng_2_18,13
meng_3_64,9
meng_2_150,11
meng_3_280,11
meng_2_247,4
meng_3_285,10
meng_2_243,6
meng_1_90,20
meng_3_202,13
meng_3_206,6
meng_1_215,12
meng_3_78,13
meng_1_191,10
meng_3_76,8
meng_3_72,12
meng_2_165,11
meng_2_166,10
meng_2_168,8
meng_2_63,9
meng_1_100,10
meng_1_102,9
meng_1_241,8
meng_3_193,11
meng_3_217,8
meng_3_148,6
meng_3_213,11
meng_3_210,11
meng_3_81,8
meng_1_7,7
meng_3_87,6
meng_3_89,13
meng_4_151,11
meng_1_209,13
meng_4_157,11
meng_4_239,8
meng_1_135,8
meng_3_183,13
meng_1_79,20
meng_3_187,10
meng_4_73,12
meng_3_92,3
meng_4_245,11
meng_3_96,7
meng_3_106,8
meng_4_128,13
meng_4_127,11
meng_3_109,12
meng_3_261,9
meng_4_123,8
meng_4_248,16
meng_3_30,6
meng_4_228,8
meng_4_185,9
meng_4_219,9
meng_2_104,9
meng_1_120,12
meng_2_108,14
meng_4_60,11
meng_2_57,12
meng_2_181,9
meng_3_170,7
meng_4_136,9
meng_1_59,13
meng_3_47,8
meng_1_51,6
meng_4_192,11
meng_4_53,10
meng_2_112,13
meng_2_114,9
meng_4_54,14
meng_4_58,10
meng_3_4,8
meng_2_198,12
meng_2_45,10
meng_1_269,14
meng_4_162,10
meng_4_161,11
meng_3_254,2
meng_4_258,12
meng_4_287,23
meng_2_121,12
meng_2_85,10
meng_3_116,7
meng_2_233,9
meng_3_159,7
meng_3_156,9
meng_3_256,11
meng_4_110,6
